gs://sample-project-1-255401-vcm/img/sample_CL_001/daisy/107592979_aaa9cdfe78_m.jpg,daisy
gs://sample-project-1-255401-vcm/img/sample_CL_001/daisy/11834945233_a53b7a92ac_m.jpg,daisy
gs://sample-project-1-255401-vcm/img/sample_CL_001/daisy/1314069875_da8dc023c6_m.jpg,daisy
gs://sample-project-1-255401-vcm/img/sample_CL_001/daisy/13901930939_a7733c03f0_n.jpg,daisy
gs://sample-project-1-255401-vcm/img/sample_CL_001/daisy/14167543177_cd36b54ac6_n.jpg,daisy
gs://sample-project-1-255401-vcm/img/sample_CL_001/daisy/14907815010_bff495449f.jpg,daisy
gs://sample-project-1-255401-vcm/img/sample_CL_001/daisy/16527403771_2391f137c4_n.jpg,daisy
gs://sample-project-1-255401-vcm/img/sample_CL_001/daisy/16737503507_431768a927.jpg,daisy
gs://sample-project-1-255401-vcm/img/sample_CL_001/daisy/176375506_201859bb92_m.jpg,daisy
gs://sample-project-1-255401-vcm/img/sample_CL_001/daisy/18635898912_eb8e058ef0.jpg,daisy
gs://sample-project-1-255401-vcm/img/sample_CL_001/daisy/19865728236_a62f8f445b_n.jpg,daisy
gs://sample-project-1-255401-vcm/img/sample_CL_001/daisy/2057816617_18448093d0_n.jpg,daisy
gs://sample-project-1-255401-vcm/img/sample_CL_001/daisy/21402054779_759366efb0_n.jpg,daisy
gs://sample-project-1-255401-vcm/img/sample_CL_001/daisy/21805938544_bf6bb0e4bc.jpg,daisy
gs://sample-project-1-255401-vcm/img/sample_CL_001/daisy/23095658544_7226386954_n.jpg,daisy
gs://sample-project-1-255401-vcm/img/sample_CL_001/daisy/2498632196_e47a472d5a.jpg,daisy
gs://sample-project-1-255401-vcm/img/sample_CL_001/daisy/2509545845_99e79cb8a2_n.jpg,daisy
gs://sample-project-1-255401-vcm/img/sample_CL_001/daisy/2513618768_ff7c004796_m.jpg,daisy
gs://sample-project-1-255401-vcm/img/sample_CL_001/daisy/2514748602_343d4727c0_n.jpg,daisy
gs://sample-project-1-255401-vcm/img/sample_CL_001/daisy/2607132536_d95198e619_n.jpg,daisy
gs://sample-project-1-255401-vcm/img/sample_CL_001/daisy/2611119198_9d46b94392.jpg,daisy
gs://sample-project-1-255401-vcm/img/sample_CL_001/daisy/2666572212_2caca8de9f_n.jpg,daisy
gs://sample-project-1-255401-vcm/img/sample_CL_001/daisy/2828733818_1c1ed0089d_n.jpg,daisy
gs://sample-project-1-255401-vcm/img/sample_CL_001/daisy/3098641292_76c908ba1f_n.jpg,daisy
gs://sample-project-1-255401-vcm/img/sample_CL_001/daisy/3386988684_bc5a66005e.jpg,daisy
gs://sample-project-1-255401-vcm/img/sample_CL_001/daisy/3546455114_cd2dea5e02.jpg,daisy
gs://sample-project-1-255401-vcm/img/sample_CL_001/daisy/3628485766_4ff937954a_n.jpg,daisy
gs://sample-project-1-255401-vcm/img/sample_CL_001/daisy/3661613900_b15ca1d35d_m.jpg,daisy
gs://sample-project-1-255401-vcm/img/sample_CL_001/daisy/391364011_5beaaa1ae2_m.jpg,daisy
gs://sample-project-1-255401-vcm/img/sample_CL_001/daisy/4065883015_4bb6010cb7_n.jpg,daisy
gs://sample-project-1-255401-vcm/img/sample_CL_001/daisy/4276898893_609d11db8b.jpg,daisy
gs://sample-project-1-255401-vcm/img/sample_CL_001/daisy/4538877108_3c793f7987_m.jpg,daisy
gs://sample-project-1-255401-vcm/img/sample_CL_001/daisy/5054771689_00dd40b971_n.jpg,daisy
gs://sample-project-1-255401-vcm/img/sample_CL_001/daisy/5679288570_b4c52e76d5.jpg,daisy
gs://sample-project-1-255401-vcm/img/sample_CL_001/daisy/5684911529_88a7ae32ba_n.jpg,daisy
gs://sample-project-1-255401-vcm/img/sample_CL_001/daisy/5700781400_65761f3fce.jpg,daisy
gs://sample-project-1-255401-vcm/img/sample_CL_001/daisy/5869147563_66fb88119d.jpg,daisy
gs://sample-project-1-255401-vcm/img/sample_CL_001/daisy/5876455546_32049e5585.jpg,daisy
gs://sample-project-1-255401-vcm/img/sample_CL_001/daisy/5944315415_2be8abeb2f_m.jpg,daisy
gs://sample-project-1-255401-vcm/img/sample_CL_001/daisy/5973488341_50bdf6cee3_n.jpg,daisy
gs://sample-project-1-255401-vcm/img/sample_CL_001/daisy/6089825811_80f253fbe1.jpg,daisy
gs://sample-project-1-255401-vcm/img/sample_CL_001/daisy/6480809771_b1e14c5cc2_m.jpg,daisy
gs://sample-project-1-255401-vcm/img/sample_CL_001/daisy/6864242336_0d12713fe5_n.jpg,daisy
gs://sample-project-1-255401-vcm/img/sample_CL_001/daisy/6910811638_aa6f17df23.jpg,daisy
gs://sample-project-1-255401-vcm/img/sample_CL_001/daisy/7629784968_b953501902_n.jpg,daisy
gs://sample-project-1-255401-vcm/img/sample_CL_001/daisy/7924174040_444d5bbb8a.jpg,daisy
gs://sample-project-1-255401-vcm/img/sample_CL_001/daisy/799964360_7e07a227ea_n.jpg,daisy
gs://sample-project-1-255401-vcm/img/sample_CL_001/daisy/8740807508_0587f5b7b7.jpg,daisy
gs://sample-project-1-255401-vcm/img/sample_CL_001/daisy/9350942387_5b1d043c26_n.jpg,daisy
gs://sample-project-1-255401-vcm/img/sample_CL_001/daisy/99306615_739eb94b9e_m.jpg,daisy
gs://sample-project-1-255401-vcm/img/sample_CL_001/dandelion/10486992895_20b344ce2d_n.jpg,dandelion
gs://sample-project-1-255401-vcm/img/sample_CL_001/dandelion/10777398353_5a20bb218c.jpg,dandelion
gs://sample-project-1-255401-vcm/img/sample_CL_001/dandelion/11768468623_9399b5111b_n.jpg,dandelion
gs://sample-project-1-255401-vcm/img/sample_CL_001/dandelion/13652698934_d258a6ee8c.jpg,dandelion
gs://sample-project-1-255401-vcm/img/sample_CL_001/dandelion/13916196427_50a611008f.jpg,dandelion
gs://sample-project-1-255401-vcm/img/sample_CL_001/dandelion/14053173516_a00150a919_m.jpg,dandelion
gs://sample-project-1-255401-vcm/img/sample_CL_001/dandelion/14313509432_6f2343d6c8_m.jpg,dandelion
gs://sample-project-1-255401-vcm/img/sample_CL_001/dandelion/14805304536_c321a7b061_n.jpg,dandelion
gs://sample-project-1-255401-vcm/img/sample_CL_001/dandelion/15782158700_3b9bf7d33e_m.jpg,dandelion
gs://sample-project-1-255401-vcm/img/sample_CL_001/dandelion/16241101274_334b54731e.jpg,dandelion
gs://sample-project-1-255401-vcm/img/sample_CL_001/dandelion/1667963621_c76d570af3_n.jpg,dandelion
gs://sample-project-1-255401-vcm/img/sample_CL_001/dandelion/16691236594_4287cea9d6_n.jpg,dandelion
gs://sample-project-1-255401-vcm/img/sample_CL_001/dandelion/17457028309_95514c8d02_n.jpg,dandelion
gs://sample-project-1-255401-vcm/img/sample_CL_001/dandelion/177851662_b2622b4238_n.jpg,dandelion
gs://sample-project-1-255401-vcm/img/sample_CL_001/dandelion/18587334446_ef1021909b_n.jpg,dandelion
gs://sample-project-1-255401-vcm/img/sample_CL_001/dandelion/19397467530_1e8131a7cf.jpg,dandelion
gs://sample-project-1-255401-vcm/img/sample_CL_001/dandelion/19440910519_cb1162470e.jpg,dandelion
gs://sample-project-1-255401-vcm/img/sample_CL_001/dandelion/19551343814_48f764535f_m.jpg,dandelion
gs://sample-project-1-255401-vcm/img/sample_CL_001/dandelion/20754920332_53b995fc63_n.jpg,dandelion
gs://sample-project-1-255401-vcm/img/sample_CL_001/dandelion/2335702923_decb9a860b_m.jpg,dandelion
gs://sample-project-1-255401-vcm/img/sample_CL_001/dandelion/2401343175_d2a892cf25_n.jpg,dandelion
gs://sample-project-1-255401-vcm/img/sample_CL_001/dandelion/2480853696_aacdbb5324.jpg,dandelion
gs://sample-project-1-255401-vcm/img/sample_CL_001/dandelion/2503875867_2075a9225d_m.jpg,dandelion
gs://sample-project-1-255401-vcm/img/sample_CL_001/dandelion/2517777524_e871ec5291_m.jpg,dandelion
gs://sample-project-1-255401-vcm/img/sample_CL_001/dandelion/2538797744_deb53ac253.jpg,dandelion
gs://sample-project-1-255401-vcm/img/sample_CL_001/dandelion/2598486434_bf349854f2_m.jpg,dandelion
gs://sample-project-1-255401-vcm/img/sample_CL_001/dandelion/3464015936_6845f46f64.jpg,dandelion
gs://sample-project-1-255401-vcm/img/sample_CL_001/dandelion/3844111216_742ea491a0.jpg,dandelion
gs://sample-project-1-255401-vcm/img/sample_CL_001/dandelion/4601270210_60136f2b87_n.jpg,dandelion
gs://sample-project-1-255401-vcm/img/sample_CL_001/dandelion/4669006062_6b3d260037_n.jpg,dandelion
gs://sample-project-1-255401-vcm/img/sample_CL_001/dandelion/4684022752_89631bd98e_n.jpg,dandelion
gs://sample-project-1-255401-vcm/img/sample_CL_001/dandelion/6495802659_98b57e0cca_m.jpg,dandelion
gs://sample-project-1-255401-vcm/img/sample_CL_001/dandelion/6954604340_d3223ed296_m.jpg,dandelion
gs://sample-project-1-255401-vcm/img/sample_CL_001/dandelion/6983120596_8b9f084ac2_n.jpg,dandelion
gs://sample-project-1-255401-vcm/img/sample_CL_001/dandelion/7132482331_01769e36e9_n.jpg,dandelion
gs://sample-project-1-255401-vcm/img/sample_CL_001/dandelion/7141019507_4a44c6e888_m.jpg,dandelion
gs://sample-project-1-255401-vcm/img/sample_CL_001/dandelion/7179487220_56e4725195_m.jpg,dandelion
gs://sample-project-1-255401-vcm/img/sample_CL_001/dandelion/7950901292_2dea05f9a2_n.jpg,dandelion
gs://sample-project-1-255401-vcm/img/sample_CL_001/dandelion/8223949_2928d3f6f6_n.jpg,dandelion
gs://sample-project-1-255401-vcm/img/sample_CL_001/dandelion/8533312924_ee09412645_n.jpg,dandelion
gs://sample-project-1-255401-vcm/img/sample_CL_001/dandelion/8707349105_6d06b543b0.jpg,dandelion
gs://sample-project-1-255401-vcm/img/sample_CL_001/dandelion/8716513637_2ba0c4e6cd_n.jpg,dandelion
gs://sample-project-1-255401-vcm/img/sample_CL_001/dandelion/8719032054_9a3ce4f0ff.jpg,dandelion
gs://sample-project-1-255401-vcm/img/sample_CL_001/dandelion/8719388716_1a392c4c0e_n.jpg,dandelion
gs://sample-project-1-255401-vcm/img/sample_CL_001/dandelion/8744249948_36cb1969f8_m.jpg,dandelion
gs://sample-project-1-255401-vcm/img/sample_CL_001/dandelion/8842317179_d59cf218cb_n.jpg,dandelion
gs://sample-project-1-255401-vcm/img/sample_CL_001/dandelion/8929523512_c87897b84e.jpg,dandelion
gs://sample-project-1-255401-vcm/img/sample_CL_001/dandelion/9188647508_3b56e62f69.jpg,dandelion
gs://sample-project-1-255401-vcm/img/sample_CL_001/dandelion/9472854850_fc9e1db673.jpg,dandelion
gs://sample-project-1-255401-vcm/img/sample_CL_001/dandelion/9617087594_ec2a9b16f6.jpg,dandelion
